seccion,inicio,fin,titulo_es,titulo_en,institucion,lugar,detalle_es,detalle_en,enlace,web
becas,2021,2025,Beca Nacional de Posgrado,National Postgraduate Scholarship,CONAHCYT / SECIHTI,,Doctorado,PhD,,FALSE
becas,2015,,Estímulo a la Graduación Oportuna,Timely Graduation Award,UNAM,,Maestría,MSc,,FALSE
becas,2014,,Programa de Apoyo a los Estudios de Posgrado (PAEP),Postgraduate Studies Support Programme (PAEP),UNAM,,"Estancia académica en INECOL, Xalapa","Academic stay at INECOL, Xalapa",,FALSE
becas,2013,2015,Beca Nacional de Posgrado,National Postgraduate Scholarship,CONACYT,,Maestría,MSc,,FALSE
becas,2010,,Programa de Fortalecimiento Académico de los Estudios de Licenciatura,Undergraduate Academic Strengthening Programme,UNAM,,Facultad de Ciencias,Faculty of Sciences,,FALSE
congresos,2025-03,,"Distribución potencial de Phoracanta recurvata Newman, 1840 (Coleoptera: Cerambycidae), una especie exótica invasiva",,IV Congreso AMXSA,"Xalapa, Veracruz, México",Ponencia,Oral presentation,,FALSE
congresos,2024-06,,Abordando el déficit Wallaceano en la entomofauna de la provincia Chihuahuense,,LIX Congreso Nacional de Entomología,"San Luis Potosí, México",Ponencia,Oral presentation,,FALSE
congresos,2022-10,,"Distribución potencial de las comunidades de escarabajos copronecrófagos de los parques nacionales La Malinche e Iztaccíhuatl-Popocatépetl, con implicaciones para la conservación",,XIII Reunión Latinoamericana de Scarabaeidología,"Guadalajara, Jalisco, México",Ponencia,Oral presentation,,FALSE
congresos,2022-10,,Conservadurismo de nicho climático de la tribu Phanaeini,,XIII Reunión Latinoamericana de Scarabaeidología,"Guadalajara, Jalisco, México",Ponencia,Oral presentation,,FALSE
congresos,2022-07,,Niche conservatism in the Mexican transition zone,,British Ecological Society MacroFest 2022,"Sheffield, Reino Unido (en línea)",Ponencia,Oral presentation,,FALSE
congresos,2015-04,,Patrones geográficos de Phanaeini (Scarabaeidae) en México utilizando modelos de distribución y LDA,,5.º Congreso Mexicano de Ecología,"San Luis Potosí, México",Ponencia,Oral presentation,,FALSE
congresos,2014-09,,"Biogeografía de Phanaeini en México: inventario de especies, distribución potencial y patrones de distribución",,X Reunión Latinoamericana de Scarabaeidología,"Villa de Leyva, Boyacá, Colombia",Ponencia,Oral presentation,,FALSE
congresos,2011-04,,"Diversidad de escarabajos del estiércol en ambientes xerófilos de Villa de Cos, Zacatecas, México",,3.er Congreso Mexicano de Ecología,"Boca del Río, Veracruz, México",Ponencia,Oral presentation,,FALSE
contacto,,,Correo,,,,lizardo.viridiana@gmail.com,,mailto:lizardo.viridiana@gmail.com,TRUE
contacto,,,ORCID,,,,0000-0003-3958-3373,,https://orcid.org/0000-0003-3958-3373,TRUE
contacto,,,Google Scholar,,,,mIFIwsMAAAAJ,,https://scholar.google.com/citations?user=mIFIwsMAAAAJ,TRUE
contacto,,,GitHub,,,,ViridianaLizardo,,https://github.com/ViridianaLizardo,TRUE
contacto,,,ResearchGate,,,,Viridiana-Lizardo,,https://www.researchgate.net/profile/Viridiana-Lizardo,TRUE
contacto,,,Web,,,,viridianalizardo.github.io,,https://viridianalizardo.github.io,TRUE
dictaminacion,2024,,Clave para la determinación de los géneros y subgéneros de escarabajos coprófagos (Coleoptera: Scarabaeidae: Scarabaeinae) de Venezuela,,Dictamen académico,,"Revisora | Revisión de la traducción español-inglés, la veracidad taxonómica, los aspectos biogeográficos y el rigor científico general","Reviewer | Review of the Spanish-English translation, taxonomic accuracy, biogeographic content and overall scientific rigour",,FALSE
distinciones,2025,,Mención honorífica,Doctoral degree with honours,Universidad Nacional Autónoma de México (UNAM),,Examen de grado de doctorado,Doctoral examination,,FALSE
distinciones,2025,,"Programación de Teatro para Niños, Jóvenes y Personas Adultas 2025","Theatre programme for children, young people and adults 2025",Instituto Nacional de Bellas Artes y Literatura (INBAL),,"Proyecto “La dignidad del insecto: vida y muerte de lo imperceptible” | Dramaturgia: Viridiana Lizardo, Nara Hidalgo Pech y Hebzoariba Hernández Gómez","Project “La dignidad del insecto: vida y muerte de lo imperceptible” | Playwrights: Viridiana Lizardo, Nara Hidalgo Pech and Hebzoariba Hernández Gómez",,TRUE
distinciones,2024,,Sistema Estatal de Investigadores de Zacatecas,Zacatecas State System of Researchers,"Consejo Zacatecano de Ciencia, Tecnología e Innovación (COZCyT)",,,,,FALSE
distinciones,2026,,Sistema Nacional de Investigadores e Investigadoras,National System of Researchers,SECIHTI,,Candidata,Candidate,,TRUE
divulgacion,2025,,La dignidad del insecto (pódcast),La dignidad del insecto (podcast),UNAM,,Coescritora y gestora | Pódcast de ciencia y humanidades,Co-writer and producer | Science and humanities podcast,https://soundcloud.com/la-dignidad-del-insecto,FALSE
divulgacion,2024,,Bicheando como niños,Bicheando como niños (video),"Instituto de Biología, UNAM",,Cápsula de video para el Día del Niño sobre investigación entomológica,Video capsule for Children's Day about entomological research,,FALSE
divulgacion,2024,,Presentación editorial de Un librito de bichos,Book launch: Un librito de bichos,"Consejo Zacatecano de Ciencia, Tecnología e Innovación – ZigZag","Zacatecas, México",Día Internacional de la Mujer y la Niña en la Ciencia | Público infantil,International Day of Women and Girls in Science | Children's audience,,FALSE
divulgacion,2023,,Presentación editorial de Un librito de bichos,Book launch: Un librito de bichos,Centro de Actualización del Magisterio en Zacatecas,"Zacatecas, México",Conferencia sobre lenguaje científico para público infantil | Sector estudiantil,Talk on scientific language for children | Student audience,,FALSE
divulgacion,2023,,Hilando ciencia (Radio Violeta),Hilando ciencia (Radio Violeta),Universidad Autónoma del Estado de Hidalgo,,Entrevista radiofónica sobre las mujeres en la carrera científica,Radio interview on women in scientific careers,https://open.spotify.com/episode/6N0ptDxo8jXS9jPTmOWHbq,FALSE
divulgacion,2023,,"Luciérnaga, programa de divulgación de la ciencia (SUMA)","Luciérnaga, science communication programme (SUMA)",Universidad Autónoma del Estado de Hidalgo,"Hidalgo, México",Entrevista radiofónica sobre Un librito de bichos,Radio interview about Un librito de bichos,https://www.uaeh.edu.mx/divulgacion-ciencia/,FALSE
divulgacion,2022-07,,Apocalipsis de los insectos,The insect apocalypse,"ZigZag, Centro Interactivo de Ciencia y Tecnología de Zacatecas","Zacatecas, México",Conferencia sobre el declive de las poblaciones de insectos | Exposición “Bosque de esperanza”,Talk on insect population decline | Exhibition “Bosque de esperanza”,,FALSE
divulgacion,2021-03,,"Escarabajos coprófagos, trabajo sucio para monitorear la diversidad",Dung beetles: dirty work for monitoring diversity,"Colegio de Ciencias y Humanidades Plantel Oriente, UNAM","Ciudad de México, México","Ciclo de conferencias “Evolución, sociedad y ambiente” (en línea)","Lecture series “Evolución, sociedad y ambiente” (online)",,FALSE
divulgacion,2020-10,,"Biodiversidad para niñas, niños y adolescentes",Biodiversity for children and teenagers,Instituto Zacatecano de Cultura,"Zacatecas, México",6.º Fandango de Arte Infantil “Gachita Amador” | Serie de videos con teoría y actividades,6th Children's Art Fandango “Gachita Amador” | Video series with theory and activities,,FALSE
divulgacion,2019-02,,"Mapping dung beetles: a story of biodiversity, mountains, weather, and lazy entomologists",,Oxford University Mexican Society,"Oxford, Reino Unido",Charla “Talk About”,“Talk About” series,,FALSE
docencia,2025-02,2025-07,Sistemas de Información Geográfica,Geographic Information Systems,"Unidad Académica de Agronomía, Universidad Autónoma de Zacatecas","Zacatecas, México",Licenciatura | Diseño e impartición de curso práctico de QGIS y R como SIG para cuatro grupos de Ingeniería en Agronomía y Zootecnia (también ene–feb y abr–may 2024),Undergraduate | Designed and taught a practical course on QGIS and R as a GIS for four groups of Agronomy and Animal Science Engineering (also Jan–Feb and Apr–May 2024),,FALSE
docencia,2025-01,2025-01,"Taller: Marco curricular de la Nueva Escuela Mexicana, planeación, evaluación y didáctica de las ciencias","Workshop: New Mexican School curriculum framework, planning, assessment and science didactics",Universidad Autónoma de Zacatecas (UAP-UAZ),"Zacatecas, México",Profesorado de preparatoria | 40 horas,High-school teachers | 40 hours,,FALSE
docencia,2024-10,2024-10,Herramientas de análisis macroecológicos,Tools for macroecological analysis,"Facultad de Estudios Superiores Iztacala, UNAM","Estado de México, México",Licenciatura en Ecología | Curso intensivo (6 h) sobre métodos de ecología de comunidades en R,BSc in Ecology | Intensive course (6 h) on community ecology methods in R,,FALSE
docencia,2024-08,2025-01,Vertebrados,Vertebrates,Centro de Actualización del Magisterio en Zacatecas,"Zacatecas, México","Licenciatura en Enseñanza y Aprendizaje de la Biología, 7.º semestre | Curso teórico","BSc in Biology Teaching, 7th semester | Lecture course",,FALSE
docencia,2024-08,2025-01,Organismos autótrofos multicelulares,Multicellular autotrophic organisms,Centro de Actualización del Magisterio en Zacatecas,"Zacatecas, México","Licenciatura en Enseñanza y Aprendizaje de la Biología, 3.er semestre | Curso teórico","BSc in Biology Teaching, 3rd semester | Lecture course",,FALSE
docencia,2023-03,2023-06,Bioestadística en R,Biostatistics in R,"Posgrado en Ciencias Biológicas, Universidad Autónoma de Tlaxcala","Tlaxcala, México",Maestría (programa SNP),MSc (SNP programme),,FALSE
docencia,2021-01,2021-05,Seminario de tesis,Thesis seminar,"Unidad Académica de Ciencias Biológicas, Universidad Autónoma de Zacatecas","Zacatecas, México",Licenciatura,Undergraduate,,FALSE
empleo,2025-07,presente,Consultora científica en modelado ecológico y espacial,Scientific consultant in ecological and spatial modelling,"Instituto de Biología, UNAM – Programa de Investigación en Cambio Climático (PINCC)","Ciudad de México, México (remoto)",Proyecto “Fortalecimiento de capacidades para la toma de decisiones en cambio climático y actualización de las Contribuciones Nacionalmente Determinadas de México” | Modelos de nicho ecológico de grupos de especies clave de los biomas de México bajo escenarios climáticos presentes y futuros | Insumos técnicos para la toma de decisiones en política climática | Supervisión: Dr. Enrique Martínez-Meyer,Project “Capacity building for climate change decision-making and update of Mexico's Nationally Determined Contributions” | Ecological niche models of key species groups of Mexican biomes under present and future climate scenarios | Technical inputs for climate policy decision-making | Supervisor: Dr Enrique Martínez-Meyer,,TRUE
empleo,2026-01,2026-06,Consultora científica en modelado ecológico y espacial para el Reporte Nacional de Desarrollo y clima,Scientific consultant in ecological and spatial modelling For the Country climate and developtment Report for Mexico,World Bank Group,"Washington, D.C., United States. (remoto)",Nature-based solutions in the Country Climate and Development Report for Mexico,Nature-based solutions in the Country Climate and Development Report for Mexico,,TRUE
estancias,2015-10,2015-11,Estancia académica: Dung Beetle Sorting Session,Academic stay: Dung Beetle Sorting Session,"Museum of Natural History, University of Oxford","Oxford, Reino Unido","Conteo, clasificación e identificación de Scarabaeidae de Honduras (Operation Wallacea 2015) | Coordinación: Dr. Thomas J. Creedy","Counting, sorting and identification of Scarabaeidae from Honduras (Operation Wallacea 2015) | Coordinator: Dr Thomas J. Creedy",,FALSE
estancias,2014,2014,Estancia académica: distribución potencial de Phanaeini,Academic stay: potential distribution of Phanaeini,Instituto de Ecología A.C. (INECOL),"Xalapa, Veracruz, México","Modelado de distribución de especies con GARP, MaxEnt y R | Análisis y limpieza de bases de datos de distribución geográfica | Supervisión: Dr. Octavio Rojas-Soto","Species distribution modelling with GARP, MaxEnt and R | Analysis and cleaning of geographic distribution databases | Supervisor: Dr Octavio Rojas-Soto",,FALSE
formacion,2021,2025,Doctorado en Ciencias Biológicas,PhD in Biological Sciences,Universidad Nacional Autónoma de México (UNAM),"Ciudad de México, México",Tesis: Conservación filogenética de especies en la Zona de Transición Mexicana (Mención honorífica) | Tutor: Dr. Juan José Morrone | Comité: Dr. Enrique Martínez-Meyer y Dr. Federico Escobar-Sarria,Thesis: Phylogenetic conservatism of species in the Mexican Transition Zone (with honours) | Supervisor: Dr Juan José Morrone | Committee: Dr Enrique Martínez-Meyer and Dr Federico Escobar-Sarria,,TRUE
formacion,2013,2015,Maestría en Ciencias Biológicas,MSc in Biological Sciences,Universidad Nacional Autónoma de México (UNAM),"Ciudad de México, México",Tesis: Distribución potencial de Phanaeini (Coleoptera: Scarabaeidae) en México y su posible modificación por el cambio de uso del suelo | Tutores: Dr. Federico Escobar-Sarria y Dr. Santiago Zaragoza-Caballero | Comité: Dr. Juan José Morrone,Thesis: Potential distribution of Phanaeini (Coleoptera: Scarabaeidae) in Mexico and its possible modification by land-use change | Supervisors: Dr Federico Escobar-Sarria and Dr Santiago Zaragoza-Caballero | Committee: Dr Juan José Morrone,,TRUE
formacion,2007,2012,Licenciatura en Biología,BSc in Biology,"Facultad de Ciencias, UNAM","Ciudad de México, México","Tesis: Análisis de la comunidad de escarabajos coprófagos de Villa de Cos, Zacatecas, México | Tutor: M. en C. Iván Castellanos-Vargas","Thesis: Analysis of the dung beetle community of Villa de Cos, Zacatecas, Mexico | Supervisor: Iván Castellanos-Vargas, MSc",,TRUE
habilidades,,,Análisis espacial y SIG,Spatial analysis and GIS,,,"R (experta: sf, terra, stars); QGIS (avanzado); Python (básico)","R (expert: sf, terra, stars); QGIS (advanced); Python (basic)",,FALSE
habilidades,,,Modelado de nicho y distribución,Niche and distribution modelling,,,"Entrenamiento, evaluación, ajuste de hiperparámetros y generación automatizada por lotes en R (MaxEnt, SDMtune)","Training, evaluation, hyperparameter tuning and automated batch generation in R (MaxEnt, SDMtune)",,FALSE
habilidades,,,Manejo de datos de biodiversidad,Biodiversity data management,,,"Compilación, limpieza, georreferenciación, geocodificación, armonización taxonómica y sinonimias, minado de registros de GBIF; SQL (básico)","Compilation, cleaning, georeferencing, geocoding, taxonomic harmonisation and synonymy, GBIF data mining; SQL (basic)",,FALSE
habilidades,,,Automatización y visualización,Automation and visualisation,,,"Flujos de trabajo reproducibles, cartografía y visualización de datos","Reproducible workflows, cartography and data visualisation",,FALSE
habilidades,,,Comunicación científica,Scientific communication,,,Redacción de artículos en inglés y español; materiales de divulgación; colaboración presencial y a distancia,Writing articles in English and Spanish; outreach materials; in-person and remote collaboration,,FALSE
idiomas,,,Español,Spanish,,,Lengua materna,Native,,TRUE
idiomas,,,Inglés,English,,,"Avanzado, certificado","Advanced, certified",,TRUE
idiomas,,,Portugués,Portuguese,,,Básico,Basic,,TRUE
intereses,,,Macroecología y biogeografía,Macroecology and biogeography,,,Búsqueda y descripción de patrones; identificación y prueba de procesos causales,Detecting and describing patterns; identifying and testing causal processes,,TRUE
intereses,,,Nicho ecológico,Ecological niche,,,Modelado con distintos algoritmos; teoría ecológica y evolutiva detrás de los métodos; evolución del nicho; papel en los gradientes de diversidad,Modelling with different algorithms; ecological and evolutionary theory behind the methods; niche evolution; role in diversity gradients,,TRUE
intereses,,,Método filogenético comparativo,Phylogenetic comparative methods,,,Aplicado al nicho ecológico,Applied to the ecological niche,,TRUE
intereses,,,Cambio climático y biodiversidad,Climate change and biodiversity,,,"Escenarios climáticos, modelos de nicho e insumos para política pública","Climate scenarios, niche models and inputs for public policy",,TRUE
intereses,,,Escarabajos coprófagos,Dung beetles,,,"Ecología de comunidades; patrones de diversidad; taxonomía, evolución y biogeografía de la tribu Phanaeini","Community ecology; diversity patterns; taxonomy, evolution and biogeography of the tribe Phanaeini",,TRUE
investigacion,2025,2026,Colaboración: límites biogeográficos y endemismo filogenético,Collaboration: biogeographic boundaries and phylogenetic endemism,"Universidad Nacional del Comahue, INIBIOMA–CONICET",Argentina (remoto),"Compilación, diseño y análisis de datos para el proyecto “Biogeographic boundaries as cradles and museums of phylogenetic endemism: the dual evolutionary role of the South American Transition Zone” | Supervisión: Dra. Adriana Ruggiero","Data compilation, design and analysis for the project “Biogeographic boundaries as cradles and museums of phylogenetic endemism: the dual evolutionary role of the South American Transition Zone” | Supervisor: Dr Adriana Ruggiero",,FALSE
investigacion,2024,2025,"Colaboración: e-Scarab, la Scarabaeoidea-fauna electrónica de México","Collaboration: e-Scarab, the electronic Scarabaeoidea fauna of Mexico",Instituto de Ecología A.C. (INECOL) y CONABIO,"Xalapa, Veracruz, México",Listado y base de datos de la fauna de Scarabaeoidea de México | Coordinación: Dr. Mario Favila,Checklist and database of the Scarabaeoidea fauna of Mexico | Coordinator: Dr Mario Favila,,FALSE
investigacion,2023,2024,Colaboración: diversidad de escarabajos copronecrófagos,Collaboration: diversity of copro-necrophagous beetles,Universidad Autónoma de Tlaxcala y Centro Tlaxcala de Biología de la Conducta,"Tlaxcala, México","Modelado de distribución de especies con MaxEnt y análisis espacial de la diversidad alfa y beta taxonómica, funcional y filogenética | Por invitación del Dr. Víctor Moctezuma","Species distribution modelling with MaxEnt and spatial analysis of taxonomic, functional and phylogenetic alpha and beta diversity | Invited by Dr Víctor Moctezuma",,FALSE
investigacion,2013,2015,Colaboración: base de datos PHAN-MX,Collaboration: PHAN-MX database,Instituto de Ecología A.C. (INECOL) y CONABIO,"Xalapa, Veracruz, México","Responsable de la base de datos PHAN-MX | Compilación, limpieza y estandarización de datos de distribución de especies | Modelado de distribución con GARP | Coordinación: Dr. Federico Escobar-Sarria y Dr. Jorge M. Lobo","Manager of the PHAN-MX database | Compilation, cleaning and standardisation of species distribution data | Distribution modelling with GARP | Coordinators: Dr Federico Escobar-Sarria and Dr Jorge M. Lobo",,FALSE
otra_experiencia,2019,2020,Estancia académica,Academic placement,"Posgrado en Filosofía e Historia de las Ideas, Universidad Autónoma de Zacatecas","Zacatecas, México","Revisión de proyectos académicos de estudiantes de maestría, digitalización de documentos y apoyo administrativo","Review of MSc students' academic projects, document digitisation and administrative support",,FALSE
otra_experiencia,2009,2010,Servicio social,Social service internship,"Colección Nacional de Insectos, Instituto de Biología, UNAM","Ciudad de México, México","Trabajo curatorial, montaje y mantenimiento de ejemplares, captura de etiquetas y macrofotografía | Apoyo en digitalización y vinculación de datos a ejemplares | Supervisión: M. en C. Cristina Mayorga","Curatorial work, specimen mounting and maintenance, label data capture and macrophotography | Support in digitisation and linking data to specimens | Supervisor: Cristina Mayorga, MSc",,FALSE
perfil,,,Dra. En Ciencias Biológicas | Macroecología y biogeografía,PhD | Macroecology and biogeography,,"Zacatecas, México","Bióloga y entomóloga especializada en macroecología y biogeografía evolutiva. Mi investigación se centra en la evolución y el modelado del nicho ecológico, integrando datos filogenéticos, climáticos y espaciales para comprender los patrones de distribución de la biodiversidad y su respuesta al cambio climático. He trabajado con escarabajos coprófagos como principal sistema de estudio, con experiencia en trabajos multitaxa, y desarrollo análisis estadísticos en R y sistemas de información geográfica. Mi trabajo combina investigación básica con aplicaciones en conservación y divulgación científica.","Biologist and entomologist specialising in macroecology and evolutionary biogeography. My research focuses on the evolution and modelling of the ecological niche, integrating phylogenetic, climatic and spatial data to understand biodiversity distribution patterns and their response to climate change. Dung beetles are my main study system, and I also have experience with multi-taxa studies. I develop statistical analyses in R and geographic information systems. My work combines basic research with applications in conservation and science communication.",,TRUE
planes_estudio,2025-01,2025-01,"Taller “Marco curricular de la Nueva Escuela Mexicana, planeación, evaluación y didáctica de las ciencias”","Workshop “New Mexican School curriculum framework, planning, assessment and science didactics”",Universidad Autónoma de Zacatecas – Escuela Internacional de Invierno UAZ-SPAUAZ,"Zacatecas, México",Codiseño e impartición del taller (40 h) para profesorado de preparatoria | Introducción al aprendizaje basado en proyectos y en indagación,Co-designed and taught the workshop (40 h) for high-school teachers | Introduction to project- and inquiry-based learning,,FALSE
propiedad_intelectual,2023,,Derechos de autor: El libro zacatecano de los bichos,Copyright: El libro zacatecano de los bichos,Instituto Nacional del Derecho de Autor (INDAUTOR),México,Solicitud 03202306261330270001 (otorgada) | Libro sobre entomología del altiplano zacatecano para público infantil,Application 03202306261330270001 (granted) | Book on the entomology of the Zacatecas highlands for children,,FALSE
tesis,2026,presente,"Felinos de Zacatecas y contribución del monitoreo comunitario al conocimiento del grupo en el estado, dentro de la comunidad El Chiquihuite, municipio de Susticacán",,Universidad Autónoma de Zacatecas,"Zacatecas, México",Codirectora | Licenciatura | Tesista: Adaya González González | En proceso,Co-supervisor | Undergraduate | Student: Adaya González González | In progress,,FALSE
tesis,2024,2025,Efecto de rasgos corporales sobre la condición fisiológica de Phanaeus obliquans y Phanaeus pseudofurcosus (Coleoptera: Scarabaeinae),,Universidad Nacional Autónoma de México (UNAM),"Ciudad de México, México",Revisora | Licenciatura | Tesista: Gerardo José Martínez Guiscafré | Concluida,Reviewer | Undergraduate | Student: Gerardo José Martínez Guiscafré | Completed,,FALSE
tesis,2024,2025,Efecto de la estructura y composición del paisaje sobre la diversidad de escarabajos en un gradiente de urbanización en la Ciudad de México,,Universidad Nacional Autónoma de México (UNAM),"Ciudad de México, México",Revisora | Licenciatura | Tesista: Diana Ivette Fernández González | Concluida,Reviewer | Undergraduate | Student: Diana Ivette Fernández González | Completed,,FALSE
tutorias,2024,,Tutoría académica,Academic tutoring,Centro de Actualización del Magisterio en Zacatecas,"Zacatecas, México",Licenciatura en Enseñanza y Aprendizaje de la Biología | 40 horas,BSc in Biology Teaching | 40 hours,,FALSE
