seccion,anio,autores,titulo,fuente,volumen,paginas,doi,isbn,enlace,web
articulos,2026,"Lizardo, V., & Ruggiero, A.",Biogeographic boundaries and angiosperm phylogenetic endemism: Highlighting the evolutionary complexity of the South American Transition Zone,Journal of Biogeography,,,10.1111/jbi.70183,,,TRUE
articulos,2025,"Lizardo, V., Ruggiero, A., & Morrone, J. J.",Patrones de riqueza de especies y conservadurismo filogenético del nicho ecológico en la Zona de Transición Mexicana: evidencia y herramientas para su estudio,Revista Mexicana de Biodiversidad,96,e965347,10.22201/ib.20078706e.2025.96.5347,,,TRUE
articulos,2024,"Lizardo, V., Escobar, F., Martínez-Meyer, E., & Morrone, J. J.",Adaptive shifts in Phanaeini dung beetles of the Mexican plateau cenocron in the Mexican transition zone,Zoologica Scripta,,,10.1111/zsc.12656,,,TRUE
articulos,2024,"Moctezuma, V., Lizardo, V., Arias-Del Razo, I., & Ramírez-Ponce, A.",Overcoming the Wallacean shortfall in sky-islands of central Mexico: the case of copro-necrophagous beetles and two national parks,Journal of Insect Conservation,,,10.1007/s10841-024-00598-9,,,FALSE
articulos,2024,"Lizardo, V., García Trejo, E. A., & Morrone, J. J.",Niche conservatism and convergence in birds of three cenocrons in the Mexican Transition Zone,PeerJ,12,e16664,10.7717/peerj.16664,,,TRUE
articulos,2023,"Moctezuma, V., Hernández, B., Sánchez-Huerta, J. L., Lizardo, V., Quiroz-Rocha, G. A., & Navarrete-Heredia, J. L.","Two new species from the Mexican Pacific Slope and new distributional records of Onthophagus Latreille, 1802 (Coleoptera, Scarabaeidae)",Journal of Asia-Pacific Entomology,26(1),102015,10.1016/j.aspen.2022.102015,,,FALSE
articulos,2022,"Lizardo, V., Moctezuma, V., & Escobar, F.","Distribution, regionalization, and diversity of the dung beetle genus Phanaeus MacLeay (Coleoptera: Scarabaeidae) using species distribution models",Zootaxa,5213(5),546–568,10.11646/zootaxa.5213.5.4,,,FALSE
articulos,2021,"Moctezuma, V., Halffter, G., & Lizardo, V.",The Phanaeus tridens species group (Coleoptera: Scarabaeoidea): a dung beetle group with genital morphological stasis but a changing ecological niche,Acta Entomologica Musei Nationalis Pragae,,447–482,10.37520/aemnp.2021.025,,,FALSE
articulos,2017,"Lizardo, V., Escobar, F., & Rojas-Soto, O.",Diversity and distribution of Phanaeini (Coleoptera: Scarabaeidae: Scarabaeinae) in Mexico,Zootaxa,4358(2),271,10.11646/zootaxa.4358.2.3,,,FALSE
articulos,2016,"Lizardo, V., & Castellanos-Vargas, I.",Dung beetle community response to vegetation type and season in an arid zone of the Mexican Plateau,Southwestern Entomologist,41(2),441–452,10.3958/059.041.0215,,,FALSE
reportes,2026,,"Biodiversidad y cambio climático: estructura, función y contribuciones de la naturaleza a las personas",Universidad Nacional Autónoma de México (UNAM),,,,,,FALSE
reportes,2026,,Nature-based solutions in the Country Climate and Development Report for Mexico,World Bank Group,,,,,,FALSE
reportes,2025,,Segundo informe de actividades. Grupo de Ecosistemas y Biodiversidad,Universidad Nacional Autónoma de México (UNAM),,,,,,FALSE
informes,2024,,Informe del proyecto estratégico institucional e-Scarab: la Scarabaeoidea-fauna electrónica de México,Instituto de Ecología A.C. (INECOL),,,,,,FALSE
informes,2023,,Primer informe del proyecto estratégico institucional e-Scarab: la Scarabaeoidea-fauna electrónica de México,Instituto de Ecología A.C. (INECOL),,,,,,FALSE
libros,2023,"Lizardo, V.",Un librito de bichos: introducción para niños y niñas a la diversidad entomológica de la región del altiplano,Amonite,,,,978-607-99717-4-8,,TRUE
pub_divulgacion,2023,"López Pérez, S., Vega Badillo, V., Núñez Monroy, A., Cifuentes Ruiz, P., Lizardo, V., & González Ramírez, M.","Mexicanas: nombrando, describiendo y clasificando la biodiversidad",Nextia,,,,,,FALSE
libros,2026,"Lizardo, V.",Es Natural Cambiar: tres cuentos biológicos,Amonite,,,,978-607-26868-3-0,,TRUE
libros,2026,"Hebzoariba H- Gómez, Viridiana Lizardo, Nara Pech",,,,,,978-970-96984-1-1,,TRUE
